store_id,date,order_count,revenue
CH01,2026-09-01,17,1353000
CH02,2026-09-01,16,1147000
CH03,2026-09-01,18,1701000
CH04,2026-09-01,11,884000
CH05,2026-09-01,14,998000
CH01,2026-09-02,15,1521000
CH02,2026-09-02,11,1085000
CH03,2026-09-02,20,1565000
CH04,2026-09-02,17,1475000
CH05,2026-09-02,20,1495000
CH01,2026-09-03,14,1361000
CH02,2026-09-03,15,1177000
CH03,2026-09-03,17,1682000
CH04,2026-09-03,16,1590000
CH05,2026-09-03,14,1359000
CH01,2026-09-04,12,1536000
CH02,2026-09-04,12,979000
CH03,2026-09-04,14,1315000
CH04,2026-09-04,12,1080000
CH05,2026-09-04,17,1814000
CH01,2026-09-05,12,1011000
CH02,2026-09-05,16,1341000
CH03,2026-09-05,18,1438000
CH04,2026-09-05,12,1075000
CH05,2026-09-05,14,1721000
CH01,2026-09-06,15,1561000
CH02,2026-09-06,17,1936000
CH03,2026-09-06,16,1636000
CH04,2026-09-06,14,1284000
CH05,2026-09-06,13,1318000
CH01,2026-09-07,11,970000
CH02,2026-09-07,15,1645000
CH03,2026-09-07,13,984000
CH04,2026-09-07,13,1326000
CH05,2026-09-07,17,1523000
TOTAL,,518,47886000
